{"issues":[],"originID":"d368a433-4e87-4a93-b313-26b196850966","originEID":"mcfz1w0n-l3qn22014f9dftp0wl4","data":{"categoryId":"{{mcpm#/entities/categories/315551/data/id}}","description":"","name":"Journey Emails","steps":[{"activities":[{"name":"Journey Emails","activityObjectId":"{{mcpm#/entities/queryActivities/87d08924-3714-42ae-a394-95ea332adf79/data/id}}","objectTypeId":300,"displayOrder":0,"serializedObject":"<QueryDefinition xmlns:xsd=\"http://www.w3.org/2001/XMLSchema\" xmlns:xsi=\"http://www.w3.org/2001/XMLSchema-instance\" xmlns=\"http://exacttarget.com/wsdl/partnerAPI\"><PartnerKey xsi:nil=\"true\" /><ObjectID>87d08924-3714-42ae-a394-95ea332adf79</ObjectID><Name>Journey Emails</Name></QueryDefinition>"}],"annotation":"","name":""},{"activities":[{"name":"Subscribers_Details","activityObjectId":"{{mcpm#/entities/queryActivities/47059411-7c9f-480c-97a9-9a49ba584568/data/id}}","objectTypeId":300,"displayOrder":0,"serializedObject":"<QueryDefinition xmlns:xsd=\"http://www.w3.org/2001/XMLSchema\" xmlns:xsi=\"http://www.w3.org/2001/XMLSchema-instance\" xmlns=\"http://exacttarget.com/wsdl/partnerAPI\"><PartnerKey xsi:nil=\"true\" /><ObjectID>47059411-7c9f-480c-97a9-9a49ba584568</ObjectID><Name>Subscribers_Details</Name></QueryDefinition>"}],"annotation":"","name":""},{"activities":[{"name":"Email Contacts","activityObjectId":"{{mcpm#/entities/queryActivities/8405c840-c7f2-4eff-ae46-5a671f3c713b/data/id}}","objectTypeId":300,"displayOrder":0,"serializedObject":"<QueryDefinition xmlns:xsd=\"http://www.w3.org/2001/XMLSchema\" xmlns:xsi=\"http://www.w3.org/2001/XMLSchema-instance\" xmlns=\"http://exacttarget.com/wsdl/partnerAPI\"><PartnerKey xsi:nil=\"true\" /><ObjectID>8405c840-c7f2-4eff-ae46-5a671f3c713b</ObjectID><Name>Email Contacts</Name></QueryDefinition>"}],"annotation":"","name":""},{"activities":[{"name":"Calculate_Email_Open_Rate","activityObjectId":"{{mcpm#/entities/queryActivities/a698fa99-8e1c-4dfd-8c00-8e92e55dd20d/data/id}}","objectTypeId":300,"displayOrder":0,"serializedObject":"<QueryDefinition xmlns:xsd=\"http://www.w3.org/2001/XMLSchema\" xmlns:xsi=\"http://www.w3.org/2001/XMLSchema-instance\" xmlns=\"http://exacttarget.com/wsdl/partnerAPI\"><PartnerKey xsi:nil=\"true\" /><ObjectID>a698fa99-8e1c-4dfd-8c00-8e92e55dd20d</ObjectID><Name>Calculate_Email_Open_Rate</Name></QueryDefinition>"}],"annotation":"","name":""},{"activities":[{"name":"Journey_Best_Performing","activityObjectId":"{{mcpm#/entities/queryActivities/eff19b60-ee15-4b4f-ab92-82daa663cc8e/data/id}}","objectTypeId":300,"displayOrder":0,"serializedObject":"<QueryDefinition xmlns:xsd=\"http://www.w3.org/2001/XMLSchema\" xmlns:xsi=\"http://www.w3.org/2001/XMLSchema-instance\" xmlns=\"http://exacttarget.com/wsdl/partnerAPI\"><PartnerKey xsi:nil=\"true\" /><ObjectID>eff19b60-ee15-4b4f-ab92-82daa663cc8e</ObjectID><Name>Journey_Best_Performing</Name></QueryDefinition>"}],"annotation":"","name":""},{"activities":[{"name":"Journey_Email_Count","activityObjectId":"{{mcpm#/entities/queryActivities/0aa67eec-85f1-43a9-a78f-b383c8e97fc7/data/id}}","objectTypeId":300,"displayOrder":0,"serializedObject":"<QueryDefinition xmlns:xsd=\"http://www.w3.org/2001/XMLSchema\" xmlns:xsi=\"http://www.w3.org/2001/XMLSchema-instance\" xmlns=\"http://exacttarget.com/wsdl/partnerAPI\"><PartnerKey xsi:nil=\"true\" /><ObjectID>0aa67eec-85f1-43a9-a78f-b383c8e97fc7</ObjectID><Name>Journey_Email_Count</Name></QueryDefinition>"}],"annotation":"","name":""}],"startSource":{"typeId":1,"schedule":{"iCalRecur":"FREQ=HOURLY;UNTIL=20790606;INTERVAL=1","startDate":"2020-07-16T00:00:00","timeZoneId":76}}}}