{"issues":[{"type":"UNSUPPORTED_AMPSCRIPT","level":"INFO","sourceJobType":"PACKAGE","issue":"UNRESOLVED_VARIABLE"}],"originID":"145869","originEID":"mcfz1w0n-l3qn22014f9dftp0wl4","data":{"assetType":{"id":208,"name":"htmlemail"},"data":{"email":{"options":{"characterEncoding":"utf-8"}}},"description":"","name":"Login_Token Email","category":{"id":"{{mcpm#/entities/categories/315548/data/id}}"},"contentType":"application/vnd.etmc.email.Message; kind=paste","views":{"subjectline":{"contentType":"application/vnd.etmc.email.View; kind=subjectline","content":"Verify your Identity","meta":{},"availableViews":[],"data":{"email":{"options":{"generateFrom":""}}},"modelVersion":2},"preheader":{"availableViews":[],"data":{"email":{"options":{"generateFrom":""}}},"modelVersion":2},"html":{"content":"%%[\n    SET @token = AttributeValue(\"Token\")\n    SET @referer = AttributeValue(\"Referer\")\n    SET @dispatchpage = Lookup('{{mcpm#/entities/dataExtensions/96a10175-a5e1-ec11-ba37-d4f5ef3de42c/data/name}}','URL','Cloud Page Name','Dispatch Page')\n]%%\n<p style=\"background-color: #6abce6; height:20px;\"></p>\n<p style=\"font-size:16px; font-family: Arial;\">\nYou recently tried logging in to our system. To ensure your account's security, we need to verify your identity. \n</p>\n<p style=\"font-size:14px; font-family: Arial;\">\n  <center> <p style=\"font-size:16px; font-family: Arial;\">Please use this OTP to login</p><br>\n  <b style=\"font-size:22px; font-family: Arial;\"><mark>%%=v(@token)=%%</mark></b></center>\n</p><center><b style=\"font-family: Arial;text-align:center\">OR</b></center>\n<p style=\"font-size:18px; font-family: Arial;text-align:center\"><a href=\"%%=RedirectTo(concat(@dispatchpage,'?token=',@token,'&referer=',@referer))=%%\">Click HERE to use the OTP</a></p>\n<br>\n<p>\n <center style=\"background-color: #6abce6; height:20px;padding:10px;font-size:14px; font-family: Arial;\">\n   This is a system-generated message. Do not reply.</center>\n</p>\n<a href=\"%%profile_center_url%%\" alias=\"Update Profile\">Update Profile</a><table cellpadding=\"2\" cellspacing=\"0\" width=\"600\" ID=\"Table5\" Border=0><tr><td><font face=\"verdana\" size=\"1\" color=\"#444444\">This email was sent by: <b>%%Member_Busname%%</b><br>%%Member_Addr%% %%Member_City%%, %%Member_State%%, %%Member_PostalCode%%, %%Member_Country%%<br><br></font></td></tr></table>\n<custom name=\"opencounter\" type=\"tracking\"/>\n","availableViews":[],"data":{"email":{"options":{"generateFrom":""}}},"modelVersion":2},"text":{"availableViews":[],"data":{"email":{"options":{"generateFrom":"html"}}},"generateFrom":"html","modelVersion":2},"viewAsAWebPage":{"availableViews":[],"data":{"email":{"options":{"generateFrom":""}}},"modelVersion":2},"subscriptioncenter":{"availableViews":[],"data":{"email":{"options":{"generateFrom":""}}},"modelVersion":2},"forwardHTML":{"availableViews":[],"data":{"email":{"options":{"generateFrom":""}}},"modelVersion":2},"forwardText":{"availableViews":[],"data":{"email":{"options":{"generateFrom":""}}},"modelVersion":2}}}}