{"issues":[],"originID":"ef71d2ac-8ae1-ec11-ba37-d4f5ef3de42c","originEID":"mcfz1w0n-l3qn22014f9dftp0wl4","data":{"categoryId":"{{mcpm#/entities/categories/315545/data/id}}","dataRetentionProperties":{"isDeleteAtEndOfRetentionPeriod":false,"isResetRetentionPeriodOnImport":false,"isRowBasedRetention":false,"rowBasedThreshold":100000000},"description":"","isFieldAdditionAllowed":true,"isFieldModificationAllowed":true,"isObjectDeletable":true,"isSendable":false,"isTestable":false,"name":"Tokens_Auth","fields":[{"description":"","isHidden":false,"isInheritable":false,"isOverridable":false,"isNullable":false,"isPrimaryKey":true,"isReadOnly":false,"isTemplateField":false,"length":50,"masktype":"None","mustOverride":false,"name":"Id","ordinal":0,"type":"Text"},{"description":"","isHidden":false,"isInheritable":false,"isOverridable":false,"isNullable":true,"isPrimaryKey":false,"isReadOnly":false,"isTemplateField":false,"length":50,"masktype":"None","mustOverride":false,"name":"Token","ordinal":1,"type":"Text"},{"description":"","isHidden":false,"isInheritable":false,"isOverridable":false,"isNullable":true,"isPrimaryKey":false,"isReadOnly":false,"isTemplateField":false,"length":4000,"masktype":"None","mustOverride":false,"name":"Referer","ordinal":2,"type":"Text"},{"description":"","isHidden":false,"isInheritable":false,"isOverridable":false,"isNullable":true,"isPrimaryKey":false,"isReadOnly":false,"isTemplateField":false,"masktype":"None","mustOverride":false,"name":"CreatedDate","ordinal":3,"type":"Date"}]}}