{"issues":[],"originID":"f271d2ac-8ae1-ec11-ba37-d4f5ef3de42c","originEID":"mcfz1w0n-l3qn22014f9dftp0wl4","data":{"categoryId":"{{mcpm#/entities/categories/315545/data/id}}","dataRetentionProperties":{"isDeleteAtEndOfRetentionPeriod":false,"isResetRetentionPeriodOnImport":false,"isRowBasedRetention":false,"rowBasedThreshold":100000000},"description":"","isFieldAdditionAllowed":true,"isFieldModificationAllowed":true,"isObjectDeletable":true,"isSendable":true,"isTestable":false,"name":"Emails_Contacts","sendableCustomObjectField":"Email Name","sendableSubscriberField":"_SubscriberKey","fields":[{"description":"","isHidden":false,"isInheritable":false,"isOverridable":false,"isNullable":true,"isPrimaryKey":false,"isReadOnly":false,"isTemplateField":false,"length":150,"masktype":"None","mustOverride":false,"name":"Email Name","ordinal":0,"type":"Text"},{"description":"","isHidden":false,"isInheritable":false,"isOverridable":false,"isNullable":true,"isPrimaryKey":false,"isReadOnly":false,"isTemplateField":false,"length":50,"masktype":"None","mustOverride":false,"name":"SubscriberKey","ordinal":1,"type":"Text"},{"description":"","isHidden":false,"isInheritable":false,"isOverridable":false,"isNullable":true,"isPrimaryKey":false,"isReadOnly":false,"isTemplateField":false,"length":254,"masktype":"None","mustOverride":false,"name":"EmailAddress","ordinal":2,"type":"EmailAddress"}]}}