{"issues":[],"originID":"f471d2ac-8ae1-ec11-ba37-d4f5ef3de42c","originEID":"mcfz1w0n-l3qn22014f9dftp0wl4","data":{"categoryId":"{{mcpm#/entities/categories/315545/data/id}}","dataRetentionProperties":{"isDeleteAtEndOfRetentionPeriod":false,"isResetRetentionPeriodOnImport":false,"isRowBasedRetention":false,"rowBasedThreshold":100000000},"description":"","isFieldAdditionAllowed":true,"isFieldModificationAllowed":true,"isObjectDeletable":true,"isSendable":true,"isTestable":false,"name":"Users_Auth","sendableCustomObjectField":"Id","sendableSubscriberField":"_SubscriberKey","fields":[{"description":"","isHidden":false,"isInheritable":false,"isOverridable":false,"isNullable":false,"isPrimaryKey":true,"isReadOnly":false,"isTemplateField":false,"length":50,"masktype":"None","mustOverride":false,"name":"Id","ordinal":0,"type":"Text"},{"description":"","isHidden":false,"isInheritable":false,"isOverridable":false,"isNullable":false,"isPrimaryKey":false,"isReadOnly":false,"isTemplateField":false,"length":254,"masktype":"None","mustOverride":false,"name":"Email","ordinal":1,"type":"EmailAddress"},{"description":"","isHidden":false,"isInheritable":false,"isOverridable":false,"isNullable":false,"isPrimaryKey":false,"isReadOnly":false,"isTemplateField":false,"length":50,"masktype":"None","mustOverride":false,"name":"Username","ordinal":2,"type":"Text"},{"description":"","isHidden":false,"isInheritable":false,"isOverridable":false,"isNullable":false,"isPrimaryKey":false,"isReadOnly":false,"isTemplateField":false,"length":50,"masktype":"None","mustOverride":false,"name":"Password","ordinal":3,"type":"Text"}]}}