{"issues":[{"type":"UNSUPPORTED_FUNCTIONALITY","level":"WARNING","sourceJobType":"PACKAGE","functionality":"DATA_EXTENSION_TEMPLATE","templateName":"TriggeredSendDataExtension"}],"originID":"f971d2ac-8ae1-ec11-ba37-d4f5ef3de42c","originEID":"mcfz1w0n-l3qn22014f9dftp0wl4","data":{"categoryId":"{{mcpm#/entities/categories/315545/data/id}}","customObjectTemplateName":"TriggeredSendDataExtension","dataRetentionProperties":{"isDeleteAtEndOfRetentionPeriod":false,"isResetRetentionPeriodOnImport":false,"isRowBasedRetention":false,"rowBasedThreshold":100000000},"description":"Triggered Send Source Data Extension Template","isFieldAdditionAllowed":true,"isFieldModificationAllowed":true,"isObjectDeletable":true,"isSendable":true,"isTestable":false,"name":"TSD_Tokens_Auth","sendableCustomObjectField":"SubscriberKey","sendableSubscriberField":"_SubscriberKey","fields":[{"description":"","isHidden":false,"isInheritable":true,"isOverridable":true,"isNullable":false,"isPrimaryKey":false,"isReadOnly":false,"isTemplateField":true,"length":254,"masktype":"None","mustOverride":false,"name":"SubscriberKey","ordinal":1,"type":"Text"},{"description":"","isHidden":false,"isInheritable":true,"isOverridable":true,"isNullable":false,"isPrimaryKey":false,"isReadOnly":false,"isTemplateField":true,"length":254,"masktype":"None","mustOverride":false,"name":"EmailAddress","ordinal":2,"type":"EmailAddress"},{"description":"","isHidden":false,"isInheritable":false,"isOverridable":false,"isNullable":false,"isPrimaryKey":false,"isReadOnly":false,"isTemplateField":false,"length":50,"masktype":"None","mustOverride":false,"name":"Token","ordinal":3,"type":"Text"},{"description":"","isHidden":false,"isInheritable":false,"isOverridable":false,"isNullable":false,"isPrimaryKey":false,"isReadOnly":false,"isTemplateField":false,"length":4000,"masktype":"None","mustOverride":false,"name":"Referer","ordinal":4,"type":"Text"},{"description":"","isHidden":false,"isInheritable":false,"isOverridable":false,"isNullable":true,"isPrimaryKey":false,"isReadOnly":false,"isTemplateField":false,"masktype":"None","mustOverride":false,"name":"RequestTime","ordinal":5,"type":"Date"}]}}