{"automations/d368a433-4e87-4a93-b313-26b196850966":[{"identifier":"queryActivities/87d08924-3714-42ae-a394-95ea332adf79","relationship":"required"},{"identifier":"queryActivities/47059411-7c9f-480c-97a9-9a49ba584568","relationship":"required"},{"identifier":"queryActivities/8405c840-c7f2-4eff-ae46-5a671f3c713b","relationship":"required"},{"identifier":"queryActivities/a698fa99-8e1c-4dfd-8c00-8e92e55dd20d","relationship":"required"},{"identifier":"queryActivities/eff19b60-ee15-4b4f-ab92-82daa663cc8e","relationship":"required"},{"identifier":"queryActivities/0aa67eec-85f1-43a9-a78f-b383c8e97fc7","relationship":"required"},{"identifier":"categories/315551","relationship":"required"}],"assets/145869":[{"identifier":"dataExtensions/96a10175-a5e1-ec11-ba37-d4f5ef3de42c","relationship":"required"},{"identifier":"categories/315548","relationship":"required"}],"queryActivities/87d08924-3714-42ae-a394-95ea332adf79":[{"identifier":"dataExtensions/f171d2ac-8ae1-ec11-ba37-d4f5ef3de42c","relationship":"required"},{"identifier":"categories/315549","relationship":"required"}],"queryActivities/a698fa99-8e1c-4dfd-8c00-8e92e55dd20d":[{"identifier":"dataExtensions/f171d2ac-8ae1-ec11-ba37-d4f5ef3de42c","relationship":"required"},{"identifier":"dataExtensions/f671d2ac-8ae1-ec11-ba37-d4f5ef3de42c","relationship":"required"},{"identifier":"categories/315549","relationship":"required"}],"queryActivities/47059411-7c9f-480c-97a9-9a49ba584568":[{"identifier":"dataExtensions/f171d2ac-8ae1-ec11-ba37-d4f5ef3de42c","relationship":"required"},{"identifier":"categories/301295","relationship":"required"}],"queryActivities/8405c840-c7f2-4eff-ae46-5a671f3c713b":[{"identifier":"dataExtensions/f171d2ac-8ae1-ec11-ba37-d4f5ef3de42c","relationship":"required"},{"identifier":"dataExtensions/f271d2ac-8ae1-ec11-ba37-d4f5ef3de42c","relationship":"required"},{"identifier":"categories/315549","relationship":"required"}],"queryActivities/eff19b60-ee15-4b4f-ab92-82daa663cc8e":[{"identifier":"dataExtensions/f671d2ac-8ae1-ec11-ba37-d4f5ef3de42c","relationship":"required"},{"identifier":"categories/315549","relationship":"required"}],"categories/315551":[{"identifier":"categories/315544","relationship":"required"}],"categories/315549":[{"identifier":"categories/315543","relationship":"required"}],"categories/315548":[{"identifier":"categories/301306","relationship":"required"}],"categories/301295":[],"categories/315544":[{"identifier":"categories/301299","relationship":"required"}],"categories/301306":[],"categories/315543":[{"identifier":"categories/301295","relationship":"required"}],"dataExtensions/f171d2ac-8ae1-ec11-ba37-d4f5ef3de42c":[{"identifier":"categories/315545","relationship":"required"}],"dataExtensions/f671d2ac-8ae1-ec11-ba37-d4f5ef3de42c":[{"identifier":"categories/315545","relationship":"required"}],"dataExtensions/96a10175-a5e1-ec11-ba37-d4f5ef3de42c":[{"identifier":"categories/315545","relationship":"required"}],"categories/301299":[],"categories/315545":[{"identifier":"categories/301293","relationship":"required"}],"dataExtensions/f271d2ac-8ae1-ec11-ba37-d4f5ef3de42c":[{"identifier":"categories/315545","relationship":"required"}],"categories/301293":[],"queryActivities/0aa67eec-85f1-43a9-a78f-b383c8e97fc7":[{"identifier":"dataExtensions/f671d2ac-8ae1-ec11-ba37-d4f5ef3de42c","relationship":"required"},{"identifier":"categories/315549","relationship":"required"}],"cloudPageCollections/3950":[],"landingPages/456683|3627":[{"identifier":"primaryLandingPages/456683|3627","relationship":"required"},{"identifier":"dataExtensions/96a10175-a5e1-ec11-ba37-d4f5ef3de42c","relationship":"required"},{"identifier":"dataExtensions/f971d2ac-8ae1-ec11-ba37-d4f5ef3de42c","relationship":"required"},{"identifier":"dataExtensions/ef71d2ac-8ae1-ec11-ba37-d4f5ef3de42c","relationship":"required"},{"identifier":"categories/301306","relationship":"required"}],"landingPages/456687|3626":[{"identifier":"primaryLandingPages/456687|3626","relationship":"required"},{"identifier":"dataExtensions/96a10175-a5e1-ec11-ba37-d4f5ef3de42c","relationship":"required"},{"identifier":"categories/301306","relationship":"required"}],"primaryLandingPages/456683|3627":[{"identifier":"cloudPageCollections/3950","relationship":"required"},{"identifier":"categories/301306","relationship":"required"}],"primaryLandingPages/456687|3626":[{"identifier":"cloudPageCollections/3950","relationship":"required"},{"identifier":"categories/301306","relationship":"required"}],"landingPages/456680|3624":[{"identifier":"primaryLandingPages/456680|3624","relationship":"required"},{"identifier":"dataExtensions/96a10175-a5e1-ec11-ba37-d4f5ef3de42c","relationship":"required"},{"identifier":"dataExtensions/f971d2ac-8ae1-ec11-ba37-d4f5ef3de42c","relationship":"required"},{"identifier":"dataExtensions/f171d2ac-8ae1-ec11-ba37-d4f5ef3de42c","relationship":"required"},{"identifier":"categories/301306","relationship":"required"}],"landingPages/456684|3628":[{"identifier":"primaryLandingPages/456684|3628","relationship":"required"},{"identifier":"dataExtensions/96a10175-a5e1-ec11-ba37-d4f5ef3de42c","relationship":"required"},{"identifier":"dataExtensions/f971d2ac-8ae1-ec11-ba37-d4f5ef3de42c","relationship":"required"},{"identifier":"dataExtensions/f171d2ac-8ae1-ec11-ba37-d4f5ef3de42c","relationship":"required"},{"identifier":"categories/301306","relationship":"required"}],"primaryLandingPages/456680|3624":[{"identifier":"cloudPageCollections/3950","relationship":"required"},{"identifier":"categories/301306","relationship":"required"}],"landingPages/456685|3623":[{"identifier":"primaryLandingPages/456685|3623","relationship":"required"},{"identifier":"dataExtensions/96a10175-a5e1-ec11-ba37-d4f5ef3de42c","relationship":"required"},{"identifier":"dataExtensions/f971d2ac-8ae1-ec11-ba37-d4f5ef3de42c","relationship":"required"},{"identifier":"dataExtensions/f171d2ac-8ae1-ec11-ba37-d4f5ef3de42c","relationship":"required"},{"identifier":"dataExtensions/f271d2ac-8ae1-ec11-ba37-d4f5ef3de42c","relationship":"required"},{"identifier":"categories/301306","relationship":"required"}],"dataExtensions/ef71d2ac-8ae1-ec11-ba37-d4f5ef3de42c":[{"identifier":"categories/315545","relationship":"required"}],"primaryLandingPages/456685|3623":[{"identifier":"cloudPageCollections/3950","relationship":"required"},{"identifier":"categories/301306","relationship":"required"}],"dataExtensions/f971d2ac-8ae1-ec11-ba37-d4f5ef3de42c":[{"identifier":"categories/315545","relationship":"required"}],"primaryLandingPages/456691|3632":[{"identifier":"cloudPageCollections/3950","relationship":"required"},{"identifier":"categories/301306","relationship":"required"}],"primaryLandingPages/456686|3621":[{"identifier":"cloudPageCollections/3950","relationship":"required"},{"identifier":"categories/301306","relationship":"required"}],"primaryLandingPages/456684|3628":[{"identifier":"cloudPageCollections/3950","relationship":"required"},{"identifier":"categories/301306","relationship":"required"}],"landingPages/456691|3632":[{"identifier":"primaryLandingPages/456691|3632","relationship":"required"},{"identifier":"dataExtensions/96a10175-a5e1-ec11-ba37-d4f5ef3de42c","relationship":"required"},{"identifier":"dataExtensions/f971d2ac-8ae1-ec11-ba37-d4f5ef3de42c","relationship":"required"},{"identifier":"dataExtensions/f671d2ac-8ae1-ec11-ba37-d4f5ef3de42c","relationship":"required"},{"identifier":"dataExtensions/f171d2ac-8ae1-ec11-ba37-d4f5ef3de42c","relationship":"required"},{"identifier":"dataExtensions/f071d2ac-8ae1-ec11-ba37-d4f5ef3de42c","relationship":"required"},{"identifier":"categories/301306","relationship":"required"}],"primaryLandingPages/456689|3631":[{"identifier":"cloudPageCollections/3950","relationship":"required"},{"identifier":"categories/301306","relationship":"required"}],"landingPages/456689|3631":[{"identifier":"primaryLandingPages/456689|3631","relationship":"required"},{"identifier":"dataExtensions/96a10175-a5e1-ec11-ba37-d4f5ef3de42c","relationship":"required"},{"identifier":"dataExtensions/f471d2ac-8ae1-ec11-ba37-d4f5ef3de42c","relationship":"required"},{"identifier":"dataExtensions/ef71d2ac-8ae1-ec11-ba37-d4f5ef3de42c","relationship":"required"},{"identifier":"categories/301306","relationship":"required"}],"landingPages/456686|3621":[{"identifier":"primaryLandingPages/456686|3621","relationship":"required"},{"identifier":"dataExtensions/96a10175-a5e1-ec11-ba37-d4f5ef3de42c","relationship":"required"},{"identifier":"dataExtensions/f971d2ac-8ae1-ec11-ba37-d4f5ef3de42c","relationship":"required"},{"identifier":"dataExtensions/f171d2ac-8ae1-ec11-ba37-d4f5ef3de42c","relationship":"required"},{"identifier":"categories/301306","relationship":"required"}],"dataExtensions/f071d2ac-8ae1-ec11-ba37-d4f5ef3de42c":[{"identifier":"categories/315545","relationship":"required"}],"dataExtensions/f471d2ac-8ae1-ec11-ba37-d4f5ef3de42c":[{"identifier":"categories/315545","relationship":"required"}]}