{"cloudPageCollections/3950":[],"landingPages/456683|3627":[{"identifier":"primaryLandingPages/456683|3627","relationship":"required"},{"identifier":"dataExtensions/96a10175-a5e1-ec11-ba37-d4f5ef3de42c","relationship":"required"},{"identifier":"dataExtensions/f971d2ac-8ae1-ec11-ba37-d4f5ef3de42c","relationship":"required"},{"identifier":"dataExtensions/ef71d2ac-8ae1-ec11-ba37-d4f5ef3de42c","relationship":"required"},{"identifier":"categories/301306","relationship":"required"}],"primaryLandingPages/456683|3627":[{"identifier":"cloudPageCollections/3950","relationship":"required"},{"identifier":"categories/301306","relationship":"required"}],"categories/301306":[],"landingPages/456687|3626":[{"identifier":"primaryLandingPages/456687|3626","relationship":"required"},{"identifier":"dataExtensions/96a10175-a5e1-ec11-ba37-d4f5ef3de42c","relationship":"required"},{"identifier":"categories/301306","relationship":"required"}],"dataExtensions/f971d2ac-8ae1-ec11-ba37-d4f5ef3de42c":[{"identifier":"categories/315545","relationship":"required"}],"dataExtensions/96a10175-a5e1-ec11-ba37-d4f5ef3de42c":[{"identifier":"categories/315545","relationship":"required"}],"dataExtensions/ef71d2ac-8ae1-ec11-ba37-d4f5ef3de42c":[{"identifier":"categories/315545","relationship":"required"}],"landingPages/456680|3624":[{"identifier":"primaryLandingPages/456680|3624","relationship":"required"},{"identifier":"dataExtensions/96a10175-a5e1-ec11-ba37-d4f5ef3de42c","relationship":"required"},{"identifier":"dataExtensions/f971d2ac-8ae1-ec11-ba37-d4f5ef3de42c","relationship":"required"},{"identifier":"dataExtensions/f171d2ac-8ae1-ec11-ba37-d4f5ef3de42c","relationship":"required"},{"identifier":"categories/301306","relationship":"required"}],"primaryLandingPages/456687|3626":[{"identifier":"cloudPageCollections/3950","relationship":"required"},{"identifier":"categories/301306","relationship":"required"}],"landingPages/456685|3623":[{"identifier":"primaryLandingPages/456685|3623","relationship":"required"},{"identifier":"dataExtensions/96a10175-a5e1-ec11-ba37-d4f5ef3de42c","relationship":"required"},{"identifier":"dataExtensions/f971d2ac-8ae1-ec11-ba37-d4f5ef3de42c","relationship":"required"},{"identifier":"dataExtensions/f171d2ac-8ae1-ec11-ba37-d4f5ef3de42c","relationship":"required"},{"identifier":"dataExtensions/f271d2ac-8ae1-ec11-ba37-d4f5ef3de42c","relationship":"required"},{"identifier":"categories/301306","relationship":"required"}],"landingPages/456686|3621":[{"identifier":"primaryLandingPages/456686|3621","relationship":"required"},{"identifier":"dataExtensions/96a10175-a5e1-ec11-ba37-d4f5ef3de42c","relationship":"required"},{"identifier":"dataExtensions/f971d2ac-8ae1-ec11-ba37-d4f5ef3de42c","relationship":"required"},{"identifier":"dataExtensions/f171d2ac-8ae1-ec11-ba37-d4f5ef3de42c","relationship":"required"},{"identifier":"categories/301306","relationship":"required"}],"landingPages/456684|3628":[{"identifier":"primaryLandingPages/456684|3628","relationship":"required"},{"identifier":"dataExtensions/96a10175-a5e1-ec11-ba37-d4f5ef3de42c","relationship":"required"},{"identifier":"dataExtensions/f971d2ac-8ae1-ec11-ba37-d4f5ef3de42c","relationship":"required"},{"identifier":"dataExtensions/f171d2ac-8ae1-ec11-ba37-d4f5ef3de42c","relationship":"required"},{"identifier":"categories/301306","relationship":"required"}],"primaryLandingPages/456680|3624":[{"identifier":"cloudPageCollections/3950","relationship":"required"},{"identifier":"categories/301306","relationship":"required"}],"categories/315545":[{"identifier":"categories/301293","relationship":"required"}],"primaryLandingPages/456684|3628":[{"identifier":"cloudPageCollections/3950","relationship":"required"},{"identifier":"categories/301306","relationship":"required"}],"landingPages/456689|3631":[{"identifier":"primaryLandingPages/456689|3631","relationship":"required"},{"identifier":"dataExtensions/96a10175-a5e1-ec11-ba37-d4f5ef3de42c","relationship":"required"},{"identifier":"dataExtensions/f471d2ac-8ae1-ec11-ba37-d4f5ef3de42c","relationship":"required"},{"identifier":"dataExtensions/ef71d2ac-8ae1-ec11-ba37-d4f5ef3de42c","relationship":"required"},{"identifier":"categories/301306","relationship":"required"}],"primaryLandingPages/456685|3623":[{"identifier":"cloudPageCollections/3950","relationship":"required"},{"identifier":"categories/301306","relationship":"required"}],"categories/301293":[],"primaryLandingPages/456686|3621":[{"identifier":"cloudPageCollections/3950","relationship":"required"},{"identifier":"categories/301306","relationship":"required"}],"landingPages/456691|3632":[{"identifier":"primaryLandingPages/456691|3632","relationship":"required"},{"identifier":"dataExtensions/96a10175-a5e1-ec11-ba37-d4f5ef3de42c","relationship":"required"},{"identifier":"dataExtensions/f971d2ac-8ae1-ec11-ba37-d4f5ef3de42c","relationship":"required"},{"identifier":"dataExtensions/f671d2ac-8ae1-ec11-ba37-d4f5ef3de42c","relationship":"required"},{"identifier":"dataExtensions/f171d2ac-8ae1-ec11-ba37-d4f5ef3de42c","relationship":"required"},{"identifier":"dataExtensions/f071d2ac-8ae1-ec11-ba37-d4f5ef3de42c","relationship":"required"},{"identifier":"categories/301306","relationship":"required"}],"dataExtensions/f271d2ac-8ae1-ec11-ba37-d4f5ef3de42c":[{"identifier":"categories/315545","relationship":"required"}],"dataExtensions/f171d2ac-8ae1-ec11-ba37-d4f5ef3de42c":[{"identifier":"categories/315545","relationship":"required"}],"primaryLandingPages/456689|3631":[{"identifier":"cloudPageCollections/3950","relationship":"required"},{"identifier":"categories/301306","relationship":"required"}],"dataExtensions/f471d2ac-8ae1-ec11-ba37-d4f5ef3de42c":[{"identifier":"categories/315545","relationship":"required"}],"dataExtensions/f671d2ac-8ae1-ec11-ba37-d4f5ef3de42c":[{"identifier":"categories/315545","relationship":"required"}],"primaryLandingPages/456691|3632":[{"identifier":"cloudPageCollections/3950","relationship":"required"},{"identifier":"categories/301306","relationship":"required"}],"dataExtensions/f071d2ac-8ae1-ec11-ba37-d4f5ef3de42c":[{"identifier":"categories/315545","relationship":"required"}]}