{"issues":[],"originID":"0aa67eec-85f1-43a9-a78f-b383c8e97fc7","originEID":"mcfz1w0n-l3qn22014f9dftp0wl4","data":{"name":"Journey_Email_Count","categoryId":"{{mcpm#/entities/categories/315549/data/id}}","description":"","isFrozen":false,"queryText":"SELECT JourneyName as [Journey Name], MAX(VersionNumber) as LatestVersion, Count1 as Email_Count\r\nFROM\r\n(SELECT JourneyName, VersionNumber, Count(JourneyActivityObjectID) as Count1\r\nFROM _Journey j\r\nJOIN _JourneyActivity ja\r\nON j.Versionid = ja.VersionId\r\nWHERE ActivityType = 'EMAILV2'\r\nAND j.JourneyStatus = 'Running'\r\nGROUP BY JourneyName, VersionNumber\r\n) abc\r\nGROUP  BY JourneyName, Count1","targetId":"{{mcpm#/entities/dataExtensions/f671d2ac-8ae1-ec11-ba37-d4f5ef3de42c/data/id}}","targetUpdateTypeId":1,"targetUpdateTypeName":"Update"}}