{"issues":[],"originID":"47059411-7c9f-480c-97a9-9a49ba584568","originEID":"mcfz1w0n-l3qn22014f9dftp0wl4","data":{"name":"Subscribers_Details","categoryId":"{{mcpm#/entities/categories/301295/data/id}}","description":"","isFrozen":false,"queryText":"SELECT j.SubscriberKey, j.EventTime, s.EmailAddress\nFROM [{{mcpm#/entities/dataExtensions/f171d2ac-8ae1-ec11-ba37-d4f5ef3de42c/data/name}}] j\nJOIN ENT._Subscribers s\nON s.SubscriberKey = j.SubscriberKey","targetId":"{{mcpm#/entities/dataExtensions/f171d2ac-8ae1-ec11-ba37-d4f5ef3de42c/data/id}}","targetUpdateTypeId":1,"targetUpdateTypeName":"Update"}}