{"issues":[],"originID":"8405c840-c7f2-4eff-ae46-5a671f3c713b","originEID":"mcfz1w0n-l3qn22014f9dftp0wl4","data":{"name":"Email Contacts","categoryId":"{{mcpm#/entities/categories/315549/data/id}}","description":"","isFrozen":false,"queryText":"SELECT DISTINCT [Email Name], SubscriberKey as SubscriberKey, EmailAddress\nFROM [{{mcpm#/entities/dataExtensions/f171d2ac-8ae1-ec11-ba37-d4f5ef3de42c/data/name}}]\nWHERE Type = 'Click'","targetId":"{{mcpm#/entities/dataExtensions/f271d2ac-8ae1-ec11-ba37-d4f5ef3de42c/data/id}}","targetUpdateTypeId":0,"targetUpdateTypeName":"Overwrite"}}