{"issues":[],"originID":"87d08924-3714-42ae-a394-95ea332adf79","originEID":"mcfz1w0n-l3qn22014f9dftp0wl4","data":{"name":"Journey Emails","categoryId":"{{mcpm#/entities/categories/315549/data/id}}","description":"","isFrozen":false,"queryText":"SELECT s.SubscriberKey, s.EventDate as EventTime, jo.EmailName as [Email Name], s.TriggererSendDefinitionObjectID, \njo.JobID, j.JourneyName as [Journey Name], j.VersionNumber as [Version Number], 'Sent' as [Type], '' as LinkContent\nFROM _Sent s\nJOIN _Job jo ON\ns.TriggererSendDefinitionObjectID = jo.TriggererSendDefinitionObjectID\nJOIN _JourneyActivity ja\nON s.TriggererSendDefinitionObjectID = ja.JourneyActivityObjectID\nJOIN _Journey j\nON ja.VersionID= j.VersionID\nWHERE s.EventDate > DATEADD(dd, -101, GETDATE())\n\nUNION\n\nSELECT o.SubscriberKey as PersoncontactId, o.EventDate as EventTime, jo.EmailName as [Email Name], o.TriggererSendDefinitionObjectID, \njo.JobID, j.JourneyName as [Journey Name], j.VersionNumber as [Version Number], 'Open' as [Type],'' as LinkContent\nFROM _Open o\nJOIN _Job jo\nON o.TriggererSendDefinitionObjectID= jo.TriggererSendDefinitionObjectID\nAND o.JobID = jo.JobID\nJOIN _JourneyActivity ja\nON o.TriggererSendDefinitionObjectID = ja.JourneyActivityObjectID\nJOIN _Journey j\nON ja.VersionID= j.VersionID\nWHERE o.EventDate > DATEADD(dd, -101, GETDATE())\nAND o.IsUnique = 1\n\nUNION\n\nSELECT o.SubscriberKey as PersoncontactId, o.EventDate as EventTime, jo.EmailName as [Email Name], o.TriggererSendDefinitionObjectID, \njo.JobID, j.JourneyName as [Journey Name], j.VersionNumber as [Version Number], 'Click' as [Type], SUBSTRING(o.LinkContent,1,250) as LinkContent\nFROM _Click o\nJOIN _Job jo\nON o.TriggererSendDefinitionObjectID= jo.TriggererSendDefinitionObjectID\nAND o.JobID = jo.JobID\nJOIN _JourneyActivity ja\nON o.TriggererSendDefinitionObjectID = ja.JourneyActivityObjectID\nJOIN _Journey j\nON ja.VersionID= j.VersionID\nWHERE o.EventDate > DATEADD(dd, -98, GETDATE())","targetId":"{{mcpm#/entities/dataExtensions/f171d2ac-8ae1-ec11-ba37-d4f5ef3de42c/data/id}}","targetUpdateTypeId":0,"targetUpdateTypeName":"Overwrite"}}