{"issues":[],"originID":"a698fa99-8e1c-4dfd-8c00-8e92e55dd20d","originEID":"mcfz1w0n-l3qn22014f9dftp0wl4","data":{"name":"Calculate_Email_Open_Rate","categoryId":"{{mcpm#/entities/categories/315549/data/id}}","description":"","isFrozen":false,"queryText":"SELECT abc.[Journey Name], ((abcd.Opens*100)/(abc.Sent)) as OpenRate, NULL as Rank\nFROM\n(SELECT ab.[Journey Name], COUNT(EventTime) as Sent\nFROM [{{mcpm#/entities/dataExtensions/f171d2ac-8ae1-ec11-ba37-d4f5ef3de42c/data/name}}] ab\nWHERE ab.Type = 'Sent'\nGROUP BY ab.[Journey Name]) abc\nJOIN \n(SELECT ab.[Journey Name], COUNT(EventTime) as Opens\nFROM [{{mcpm#/entities/dataExtensions/f171d2ac-8ae1-ec11-ba37-d4f5ef3de42c/data/name}}] ab\nWHERE ab.Type = 'Open'\nGROUP BY ab.[Journey Name]) abcd\nON abc.[Journey Name] = abcd.[Journey Name]\n","targetId":"{{mcpm#/entities/dataExtensions/f671d2ac-8ae1-ec11-ba37-d4f5ef3de42c/data/id}}","targetUpdateTypeId":1,"targetUpdateTypeName":"Update"}}