{"issues":[],"originID":"eff19b60-ee15-4b4f-ab92-82daa663cc8e","originEID":"mcfz1w0n-l3qn22014f9dftp0wl4","data":{"name":"Journey_Best_Performing","categoryId":"{{mcpm#/entities/categories/315549/data/id}}","description":"","isFrozen":false,"queryText":"SELECT abc.[Journey Name], abc.BestPerforming, abc.row_num as Rank\nFROM\n(SELECT js.[Journey Name], CASE WHEN js.OpenRate = ab.OpenRate THEN 'True'\nELSE 'False'\nEND as BestPerforming, ab.row_num\nFROM\n(SELECT [Journey Name], OpenRate, ROW_NUMBER() OVER (PARTITION BY Flag ORDER BY OpenRate DESC) as row_num\nFROM [{{mcpm#/entities/dataExtensions/f671d2ac-8ae1-ec11-ba37-d4f5ef3de42c/data/name}}]\n) ab\nLEFT JOIN [{{mcpm#/entities/dataExtensions/f671d2ac-8ae1-ec11-ba37-d4f5ef3de42c/data/name}}] js\nON js.OpenRate = ab.OpenRate AND ab.[Journey Name] = js.[Journey Name]\nWHERE\nab.row_num <=3\n) abc\n\nJOIN\n\n[{{mcpm#/entities/dataExtensions/f671d2ac-8ae1-ec11-ba37-d4f5ef3de42c/data/name}}] jsa\nON abc.[Journey Name] = jsa.[Journey Name]","targetId":"{{mcpm#/entities/dataExtensions/f671d2ac-8ae1-ec11-ba37-d4f5ef3de42c/data/id}}","targetUpdateTypeId":1,"targetUpdateTypeName":"Update"}}